﻿

<linker>

	<assembly fullname="Assembly-CSharp">
	    <type fullname="UnityEngineObjectExtention" preserve="all"/>
		<type fullname="UnityEngine.UI.LoopHorizontalScrollRect" preserve="all"/>
		<type fullname="UnityEngine.UI.LoopScrollDataSource" preserve="all"/>
		<type fullname="UnityEngine.UI.LoopScrollSendIndexSource" preserve="all"/>
		<type fullname="UnityEngine.UI.LoopScrollPrefabSource" preserve="all"/>
		<type fullname="UnityEngine.UI.LoopScrollRect" preserve="all"/>
		<type fullname="UnityEngine.UI.LoopVerticalScrollRect" preserve="all"/>
		<type fullname="UnityEngine.UI.LoopScrollRect+ScrollRectEvent" preserve="all"/>
		<type fullname="SpineSkeletonFlipBehaviour" preserve="all"/>
		<type fullname="SpineSkeletonFlipClip" preserve="all"/>
		<type fullname="StencilBloom" preserve="all"/>
		<type fullname="AddStencilMaterial" preserve="all"/>
		<type fullname="BloomController" preserve="all"/>
		<type fullname="Move" preserve="all"/>
		<type fullname="Rotate" preserve="all"/>
		<type fullname="ShowFps" preserve="all"/>
		<type fullname="AniAssetInfo" preserve="all"/>
		<type fullname="AniUtils" preserve="all"/>
		<type fullname="MoveSpeedCtrl" preserve="all"/>
		<type fullname="Camera25DMode" preserve="all"/>
		<type fullname="DOTweenController" preserve="all"/>
		<type fullname="EngineResetManager" preserve="all"/>
		<type fullname="LaunchScene" preserve="all"/>
		<type fullname="LogData" preserve="all"/>
		<type fullname="AsyncRequestState" preserve="all"/>
		<type fullname="BugReportConfig" preserve="all"/>
		<type fullname="LogProcessor" preserve="all"/>
		<type fullname="Socket" preserve="all"/>
		<type fullname="SocketManager" preserve="all"/>
		<type fullname="WebSocketWrapper" preserve="all"/>
		<type fullname="WebTest" preserve="all"/>
		<type fullname="GameObjectPool" preserve="all"/>
		<type fullname="PoolManager" preserve="all"/>
		<type fullname="PrefabContainer" preserve="all"/>
		<type fullname="ArcSlider" preserve="all"/>
		<type fullname="DragEndEventTrigger" preserve="all"/>
		<type fullname="DragEventTrigger" preserve="all"/>
		<type fullname="LLoopScrollDataSource" preserve="all"/>
		<type fullname="LLoopScrollPrefabSource" preserve="all"/>
		<type fullname="LLoopScrollRect" preserve="all"/>
		<type fullname="LScrollView" preserve="all"/>
		<type fullname="LScrollViewCell" preserve="all"/>
		<type fullname="LScrollViewContext" preserve="all"/>
		<type fullname="NonDrawingGraphic" preserve="all"/>
		<type fullname="NumberScroller" preserve="all"/>
		<type fullname="PressEventTrigger" preserve="all"/>
		<type fullname="RectTransformSafeAreaToFull" preserve="all"/>
		<type fullname="UnityEventTool" preserve="all"/>
		<type fullname="DownloadHandlerFileEx" preserve="all"/>
		<type fullname="VERSION_MANIFEST" preserve="all"/>
		<type fullname="PROJECT_ASSET" preserve="all"/>
		<type fullname="PROJECT_MANIFEST" preserve="all"/>
		<type fullname="VersionInfo" preserve="all"/>
		<type fullname="Updater" preserve="all"/>
		<type fullname="Utils" preserve="all"/>
		<type fullname="MyAstar.Node" preserve="all"/>
		<type fullname="MyAstar.GridBase" preserve="all"/>
		<type fullname="MyAstar.Pathfinder" preserve="all"/>
		<type fullname="MyAstar.Path" preserve="all"/>
		<type fullname="MyAstar.PathFindManager" preserve="all"/>
		<type fullname="MyAstar.PathModifier" preserve="all"/>
		<type fullname="MyAstar.SimpleSmoothPathModifier" preserve="all"/>
		<type fullname="MyAstar.RaycastModifier" preserve="all"/>
		<type fullname="MyAstar.Memory" preserve="all"/>
		<type fullname="MyAstar.Util" preserve="all"/>
		<type fullname="TJ.UpdateManager" preserve="all"/>
		<type fullname="TJ.Config" preserve="all"/>
		<type fullname="TJ.AllUpdateLBehaviour" preserve="all"/>
		<type fullname="TJ.AnimationEventLBehaviour" preserve="all"/>
		<type fullname="TJ.ApplicationLBehaviour" preserve="all"/>
		<type fullname="TJ.Collider2DLBehaviour" preserve="all"/>
		<type fullname="TJ.FirstAwakeLua" preserve="all"/>
		<type fullname="TJ.FixedUpdateLBehaviour" preserve="all"/>
		<type fullname="TJ.LateUpdateLBehaviour" preserve="all"/>
		<type fullname="TJ.LBehaviour" preserve="all"/>
		<type fullname="TJ.OnEnableLBehaviour" preserve="all"/>
		<type fullname="TJ.UpdateLBehaviour" preserve="all"/>
		<type fullname="TJ.LuaManager" preserve="all"/>
		<type fullname="TJ.AssetBundleAsset" preserve="all"/>
		<type fullname="TJ.AssetBundleAssetLoadRequest" preserve="all"/>
		<type fullname="TJ.AssetBundleLoaderLoadRequest" preserve="all"/>
		<type fullname="TJ.AssetBundleBundle" preserve="all"/>
		<type fullname="TJ.AssetBundleLoader" preserve="all"/>
		<type fullname="TJ.AssetBundleManager" preserve="all"/>
		<type fullname="TJ.AssetBundleFileList" preserve="all"/>
		<type fullname="TJ.Asset" preserve="all"/>
		<type fullname="TJ.Bundle" preserve="all"/>
		<type fullname="TJ.AssetLoadRequest" preserve="all"/>
		<type fullname="TJ.LoaderLoadRequest" preserve="all"/>
		<type fullname="TJ.BundleManager" preserve="all"/>
		<type fullname="TJ.KEngineAndroidPlugin" preserve="all"/>
		<type fullname="TJ.ResourceUtils" preserve="all"/>
		<type fullname="TJ.Timer.TimerHandler" preserve="all"/>
		<type fullname="TJ.Timer.DefaultTimerMgr" preserve="all"/>
		<type fullname="TJ.Timer.TimerManager" preserve="all"/>
		<type fullname="ConsoleUtils.ConsoleInput" preserve="all"/>
		<type fullname="ConsoleUtils.ConsoleWindow" preserve="all"/>
		<type fullname="UnityStandardAssets.ImageEffects.FastBloom" preserve="all"/>
		<type fullname="UnityStandardAssets.ImageEffects.PostEffectsBase" preserve="all"/>
		<type fullname="SharpJson.JsonDecoder" preserve="all"/>
		<type fullname="Spine.Animation" preserve="all"/>
		<type fullname="Spine.CurveTimeline" preserve="all"/>
		<type fullname="Spine.RotateTimeline" preserve="all"/>
		<type fullname="Spine.TranslateTimeline" preserve="all"/>
		<type fullname="Spine.ScaleTimeline" preserve="all"/>
		<type fullname="Spine.ShearTimeline" preserve="all"/>
		<type fullname="Spine.ColorTimeline" preserve="all"/>
		<type fullname="Spine.TwoColorTimeline" preserve="all"/>
		<type fullname="Spine.AttachmentTimeline" preserve="all"/>
		<type fullname="Spine.DeformTimeline" preserve="all"/>
		<type fullname="Spine.EventTimeline" preserve="all"/>
		<type fullname="Spine.DrawOrderTimeline" preserve="all"/>
		<type fullname="Spine.IkConstraintTimeline" preserve="all"/>
		<type fullname="Spine.TransformConstraintTimeline" preserve="all"/>
		<type fullname="Spine.PathConstraintPositionTimeline" preserve="all"/>
		<type fullname="Spine.PathConstraintSpacingTimeline" preserve="all"/>
		<type fullname="Spine.PathConstraintMixTimeline" preserve="all"/>
		<type fullname="Spine.AnimationState" preserve="all"/>
		<type fullname="Spine.TrackEntry" preserve="all"/>
		<type fullname="Spine.AnimationStateData" preserve="all"/>
		<type fullname="Spine.Atlas" preserve="all"/>
		<type fullname="Spine.AtlasPage" preserve="all"/>
		<type fullname="Spine.AtlasRegion" preserve="all"/>
		<type fullname="Spine.AtlasAttachmentLoader" preserve="all"/>
		<type fullname="Spine.Attachment" preserve="all"/>
		<type fullname="Spine.BoundingBoxAttachment" preserve="all"/>
		<type fullname="Spine.ClippingAttachment" preserve="all"/>
		<type fullname="Spine.MeshAttachment" preserve="all"/>
		<type fullname="Spine.PathAttachment" preserve="all"/>
		<type fullname="Spine.PointAttachment" preserve="all"/>
		<type fullname="Spine.RegionAttachment" preserve="all"/>
		<type fullname="Spine.VertexAttachment" preserve="all"/>
		<type fullname="Spine.Bone" preserve="all"/>
		<type fullname="Spine.BoneData" preserve="all"/>
		<type fullname="Spine.Event" preserve="all"/>
		<type fullname="Spine.EventData" preserve="all"/>
		<type fullname="Spine.IkConstraint" preserve="all"/>
		<type fullname="Spine.IkConstraintData" preserve="all"/>
		<type fullname="Spine.Json" preserve="all"/>
		<type fullname="Spine.MathUtils" preserve="all"/>
		<type fullname="Spine.PathConstraint" preserve="all"/>
		<type fullname="Spine.PathConstraintData" preserve="all"/>
		<type fullname="Spine.Skeleton" preserve="all"/>
		<type fullname="Spine.SkeletonBinary" preserve="all"/>
		<type fullname="Spine.SkeletonBounds" preserve="all"/>
		<type fullname="Spine.Polygon" preserve="all"/>
		<type fullname="Spine.SkeletonClipping" preserve="all"/>
		<type fullname="Spine.SkeletonData" preserve="all"/>
		<type fullname="Spine.SkeletonJson" preserve="all"/>
		<type fullname="Spine.Skin" preserve="all"/>
		<type fullname="Spine.Slot" preserve="all"/>
		<type fullname="Spine.SlotData" preserve="all"/>
		<type fullname="Spine.TransformConstraint" preserve="all"/>
		<type fullname="Spine.TransformConstraintData" preserve="all"/>
		<type fullname="Spine.BoneMatrix" preserve="all"/>
		<type fullname="Spine.SkeletonExtensions" preserve="all"/>
		<type fullname="Spine.Unity.AnimationReferenceAsset" preserve="all"/>
		<type fullname="Spine.Unity.AtlasAsset" preserve="all"/>
		<type fullname="Spine.Unity.MaterialsTextureLoader" preserve="all"/>
		<type fullname="Spine.Unity.EventDataReferenceAsset" preserve="all"/>
		<type fullname="Spine.Unity.RegionlessAttachmentLoader" preserve="all"/>
		<type fullname="Spine.Unity.SkeletonDataAsset" preserve="all"/>
		<type fullname="Spine.Unity.BoneFollower" preserve="all"/>
		<type fullname="Spine.Unity.PointFollower" preserve="all"/>
		<type fullname="Spine.Unity.SkeletonAnimation" preserve="all"/>
		<type fullname="Spine.Unity.SkeletonAnimator" preserve="all"/>
		<type fullname="Spine.Unity.SkeletonRenderer" preserve="all"/>
		<type fullname="Spine.Unity.SpineMesh" preserve="all"/>
		<type fullname="Spine.Unity.SubmeshInstruction" preserve="all"/>
		<type fullname="Spine.Unity.MeshGeneratorBuffers" preserve="all"/>
		<type fullname="Spine.Unity.MeshGenerator" preserve="all"/>
		<type fullname="Spine.Unity.MeshRendererBuffers" preserve="all"/>
		<type fullname="Spine.Unity.SkeletonRendererInstruction" preserve="all"/>
		<type fullname="Spine.Unity.BoundingBoxFollower" preserve="all"/>
		<type fullname="Spine.Unity.BoneFollowerGraphic" preserve="all"/>
		<type fullname="Spine.Unity.SkeletonGraphic" preserve="all"/>
		<type fullname="Spine.Unity.WaitForSpineAnimationComplete" preserve="all"/>
		<type fullname="Spine.Unity.WaitForSpineEvent" preserve="all"/>
		<type fullname="Spine.Unity.WaitForSpineTrackEntryEnd" preserve="all"/>
		<type fullname="Spine.Unity.SkeletonExtensions" preserve="all"/>
		<type fullname="Spine.Unity.SkeletonUtility" preserve="all"/>
		<type fullname="Spine.Unity.SkeletonUtilityBone" preserve="all"/>
		<type fullname="Spine.Unity.SkeletonUtilityConstraint" preserve="all"/>
		<type fullname="Spine.Unity.SpineAttributeBase" preserve="all"/>
		<type fullname="Spine.Unity.SpineSlot" preserve="all"/>
		<type fullname="Spine.Unity.SpineEvent" preserve="all"/>
		<type fullname="Spine.Unity.SpineIkConstraint" preserve="all"/>
		<type fullname="Spine.Unity.SpinePathConstraint" preserve="all"/>
		<type fullname="Spine.Unity.SpineTransformConstraint" preserve="all"/>
		<type fullname="Spine.Unity.SpineSkin" preserve="all"/>
		<type fullname="Spine.Unity.SpineAnimation" preserve="all"/>
		<type fullname="Spine.Unity.SpineAttachment" preserve="all"/>
		<type fullname="Spine.Unity.SpineBone" preserve="all"/>
		<type fullname="Spine.Unity.SpineAtlasRegion" preserve="all"/>
		<type fullname="Spine.Unity.Playables.SkeletonAnimationPlayableHandle" preserve="all"/>
		<type fullname="Spine.Unity.Playables.SpinePlayableHandleBase" preserve="all"/>
		<type fullname="Spine.Unity.Playables.SpineAnimationStateBehaviour" preserve="all"/>
		<type fullname="Spine.Unity.Playables.SpineAnimationStateClip" preserve="all"/>
		<type fullname="Spine.Unity.Playables.SpineAnimationStateMixerBehaviour" preserve="all"/>
		<type fullname="Spine.Unity.Playables.SpineAnimationStateTrack" preserve="all"/>
		<type fullname="Spine.Unity.Playables.SpineSkeletonFlipMixerBehaviour" preserve="all"/>
		<type fullname="Spine.Unity.Playables.SpineSkeletonFlipTrack" preserve="all"/>
		<type fullname="Spine.Unity.Modules.SkeletonRendererCustomMaterials" preserve="all"/>
		<type fullname="Spine.Unity.Modules.SkeletonGhost" preserve="all"/>
		<type fullname="Spine.Unity.Modules.SkeletonGhostRenderer" preserve="all"/>
		<type fullname="Spine.Unity.Modules.SkeletonRagdoll" preserve="all"/>
		<type fullname="Spine.Unity.Modules.SkeletonRagdoll2D" preserve="all"/>
		<type fullname="Spine.Unity.Modules.SkeletonGraphicMirror" preserve="all"/>
		<type fullname="Spine.Unity.Modules.SkeletonPartsRenderer" preserve="all"/>
		<type fullname="Spine.Unity.Modules.SkeletonRenderSeparator" preserve="all"/>
		<type fullname="Spine.Unity.Modules.SkeletonUtilityEyeConstraint" preserve="all"/>
		<type fullname="Spine.Unity.Modules.SkeletonUtilityGroundConstraint" preserve="all"/>
		<type fullname="Spine.Unity.Modules.SkeletonUtilityKinematicShadow" preserve="all"/>
		<type fullname="Spine.Unity.Modules.SlotBlendModes" preserve="all"/>
		<type fullname="Spine.Unity.Modules.AttachmentTools.AttachmentRegionExtensions" preserve="all"/>
		<type fullname="Spine.Unity.Modules.AttachmentTools.AtlasUtilities" preserve="all"/>
		<type fullname="Spine.Unity.Modules.AttachmentTools.SkinUtilities" preserve="all"/>
		<type fullname="Spine.Unity.Modules.AttachmentTools.AttachmentCloneExtensions" preserve="all"/>
		<type fullname="Spine.Unity.Modules.AnimationTools.AnimationTools" preserve="all"/>
		<type fullname="UnityEngine.UI.Extensions.ScrollRectExtensions" preserve="all"/>
		<type fullname="UnityEngine.UI.Extensions.TextPic" preserve="all"/>
		<type fullname="SG.InitOnStart" preserve="all"/>
		<type fullname="EZCameraShake.CameraShakeInstance" preserve="all"/>
		<type fullname="EZCameraShake.CameraShakePresets" preserve="all"/>
		<type fullname="EZCameraShake.CameraShaker" preserve="all"/>
		<type fullname="EZCameraShake.CameraUtilities" preserve="all"/>
		<type fullname="DG.Tweening.DOTweenModuleAudio" preserve="all"/>
		<type fullname="DG.Tweening.DOTweenModulePhysics" preserve="all"/>
		<type fullname="DG.Tweening.DOTweenModulePhysics2D" preserve="all"/>
		<type fullname="DG.Tweening.DOTweenModuleSprite" preserve="all"/>
		<type fullname="DG.Tweening.DOTweenModuleUI" preserve="all"/>
		<type fullname="DG.Tweening.DOTweenModuleUnityVersion" preserve="all"/>
		<type fullname="DG.Tweening.DOTweenCYInstruction" preserve="all"/>
		<type fullname="DG.Tweening.DOTweenModuleUtils" preserve="all"/>
		<type fullname="DOTweenController+TweenItem" preserve="all"/>
		<type fullname="WebSocketWrapper+CALLBACK" preserve="all"/>
		<type fullname="WebSocketWrapper+STATECMD" preserve="all"/>
		<type fullname="PrefabContainer+PrefabPair" preserve="all"/>
		<type fullname="PrefabContainer+PrefabsPair" preserve="all"/>
		<type fullname="DragEndEventTrigger+DragEvent" preserve="all"/>
		<type fullname="DragEventTrigger+DragEvent" preserve="all"/>
		<type fullname="DragEventTrigger+DropEvent" preserve="all"/>
		<type fullname="TJ.BundleManager+SingletonType" preserve="all"/>
		<type fullname="Spine.AnimationStateData+AnimationPair" preserve="all"/>
		<type fullname="Spine.AnimationStateData+AnimationPairComparer" preserve="all"/>
		<type fullname="Spine.Skin+AttachmentKeyTuple" preserve="all"/>
		<type fullname="Spine.Unity.SkeletonAnimator+MecanimTranslator" preserve="all"/>
		<type fullname="Spine.Unity.MeshGenerator+Settings" preserve="all"/>
		<type fullname="Spine.Unity.MeshRendererBuffers+SmartMesh" preserve="all"/>
		<type fullname="Spine.Unity.SpineAttachment+Hierarchy" preserve="all"/>
		<type fullname="Spine.Unity.Modules.SkeletonRendererCustomMaterials+SlotMaterialOverride" preserve="all"/>
		<type fullname="Spine.Unity.Modules.SkeletonRendererCustomMaterials+AtlasMaterialOverride" preserve="all"/>
		<type fullname="Spine.Unity.Modules.SkeletonRagdoll+LayerFieldAttribute" preserve="all"/>
		<type fullname="Spine.Unity.Modules.SlotBlendModes+MaterialTexturePair" preserve="all"/>
		<type fullname="UnityEngine.UI.Extensions.TextPic+IconName" preserve="all"/>
		<type fullname="UnityEngine.UI.Extensions.TextPic+HrefClickEvent" preserve="all"/>
		<type fullname="UnityEngine.UI.Extensions.TextPic+HrefInfo" preserve="all"/>
		<type fullname="DG.Tweening.DOTweenModuleUI+Utils" preserve="all"/>
		<type fullname="DG.Tweening.DOTweenCYInstruction+WaitForCompletion" preserve="all"/>
		<type fullname="DG.Tweening.DOTweenCYInstruction+WaitForRewind" preserve="all"/>
		<type fullname="DG.Tweening.DOTweenCYInstruction+WaitForKill" preserve="all"/>
		<type fullname="DG.Tweening.DOTweenCYInstruction+WaitForElapsedLoops" preserve="all"/>
		<type fullname="DG.Tweening.DOTweenCYInstruction+WaitForPosition" preserve="all"/>
		<type fullname="DG.Tweening.DOTweenCYInstruction+WaitForStart" preserve="all"/>
		<type fullname="DG.Tweening.DOTweenModuleUtils+Physics" preserve="all"/>
		<type fullname="WebSocketWrapper+STATECMD+CMD" preserve="all"/>
		
	</assembly>

	<assembly fullname="UnityEngine.AnimationModule">
	    <type fullname="UnityEngine.AnimationEvent" preserve="all"/>
		<type fullname="UnityEngine.AnimationClip" preserve="all"/>
		<type fullname="UnityEngine.Animation" preserve="all"/>
		<type fullname="UnityEngine.AnimationState" preserve="all"/>
		<type fullname="UnityEngine.Animator" preserve="all"/>
		<type fullname="UnityEngine.StateMachineBehaviour" preserve="all"/>
		<type fullname="UnityEngine.AnimatorClipInfo" preserve="all"/>
		<type fullname="UnityEngine.AnimatorStateInfo" preserve="all"/>
		<type fullname="UnityEngine.AnimatorTransitionInfo" preserve="all"/>
		<type fullname="UnityEngine.MatchTargetWeightMask" preserve="all"/>
		<type fullname="UnityEngine.AnimatorControllerParameter" preserve="all"/>
		<type fullname="UnityEngine.AnimatorOverrideController" preserve="all"/>
		<type fullname="UnityEngine.AnimatorUtility" preserve="all"/>
		<type fullname="UnityEngine.Avatar" preserve="all"/>
		<type fullname="UnityEngine.SkeletonBone" preserve="all"/>
		<type fullname="UnityEngine.HumanLimit" preserve="all"/>
		<type fullname="UnityEngine.HumanBone" preserve="all"/>
		<type fullname="UnityEngine.HumanDescription" preserve="all"/>
		<type fullname="UnityEngine.AvatarBuilder" preserve="all"/>
		<type fullname="UnityEngine.AvatarMask" preserve="all"/>
		<type fullname="UnityEngine.HumanPose" preserve="all"/>
		<type fullname="UnityEngine.HumanPoseHandler" preserve="all"/>
		<type fullname="UnityEngine.HumanTrait" preserve="all"/>
		<type fullname="UnityEngine.RuntimeAnimatorController" preserve="all"/>
		
	</assembly>

	<assembly fullname="UnityEngine.AssetBundleModule">
	    <type fullname="UnityEngine.AssetBundle" preserve="all"/>
		<type fullname="UnityEngine.AssetBundleCreateRequest" preserve="all"/>
		<type fullname="UnityEngine.AssetBundleManifest" preserve="all"/>
		<type fullname="UnityEngine.AssetBundleRecompressOperation" preserve="all"/>
		<type fullname="UnityEngine.AssetBundleRequest" preserve="all"/>
		<type fullname="UnityEngine.BuildCompression" preserve="all"/>
		
	</assembly>

	<assembly fullname="UnityEngine.AudioModule">
	    <type fullname="UnityEngine.AudioConfiguration" preserve="all"/>
		<type fullname="UnityEngine.AudioSettings" preserve="all"/>
		<type fullname="UnityEngine.AudioClip" preserve="all"/>
		<type fullname="UnityEngine.AudioBehaviour" preserve="all"/>
		<type fullname="UnityEngine.AudioListener" preserve="all"/>
		<type fullname="UnityEngine.AudioSource" preserve="all"/>
		<type fullname="UnityEngine.AudioReverbZone" preserve="all"/>
		<type fullname="UnityEngine.AudioLowPassFilter" preserve="all"/>
		<type fullname="UnityEngine.AudioHighPassFilter" preserve="all"/>
		<type fullname="UnityEngine.AudioDistortionFilter" preserve="all"/>
		<type fullname="UnityEngine.AudioEchoFilter" preserve="all"/>
		<type fullname="UnityEngine.AudioChorusFilter" preserve="all"/>
		<type fullname="UnityEngine.AudioReverbFilter" preserve="all"/>
		<type fullname="UnityEngine.Microphone" preserve="all"/>
		<type fullname="UnityEngine.WebCamDevice" preserve="all"/>
		<type fullname="UnityEngine.WebCamTexture" preserve="all"/>
		<type fullname="UnityEngine.AudioRenderer" preserve="all"/>
		<type fullname="UnityEngine.Audio.AudioMixer" preserve="all"/>
		<type fullname="UnityEngine.Audio.AudioMixerGroup" preserve="all"/>
		
	</assembly>

	<assembly fullname="UnityEngine.ClothModule">
	    <type fullname="UnityEngine.ClothSphereColliderPair" preserve="all"/>
		<type fullname="UnityEngine.Cloth" preserve="all"/>
		<type fullname="UnityEngine.ClothSkinningCoefficient" preserve="all"/>
		
	</assembly>

	<assembly fullname="UnityEngine.CoreModule">
	    <type fullname="UnityEngine.Keyframe" preserve="all"/>
		<type fullname="UnityEngine.AnimationCurve" preserve="all"/>
		<type fullname="UnityEngine.Application" preserve="all"/>
		<type fullname="UnityEngine.AsyncOperation" preserve="all"/>
		<type fullname="UnityEngine.ExecuteAlways" preserve="all"/>
		<type fullname="UnityEngine.DefaultExecutionOrder" preserve="all"/>
		<type fullname="UnityEngine.Behaviour" preserve="all"/>
		<type fullname="UnityEngine.BillboardAsset" preserve="all"/>
		<type fullname="UnityEngine.BillboardRenderer" preserve="all"/>
		<type fullname="UnityEngine.Bounds" preserve="all"/>
		<type fullname="UnityEngine.BoundsInt" preserve="all"/>
		<type fullname="UnityEngine.CachedAssetBundle" preserve="all"/>
		<type fullname="UnityEngine.Cache" preserve="all"/>
		<type fullname="UnityEngine.Caching" preserve="all"/>
		<type fullname="UnityEngine.Camera" preserve="all"/>
		<type fullname="UnityEngine.Camera+GateFitParameters" preserve="all"/>
		<type fullname="UnityEngine.Color" preserve="all"/>
		<type fullname="UnityEngine.Color32" preserve="all"/>
		<type fullname="UnityEngine.ColorUtility" preserve="all"/>
		<type fullname="UnityEngine.Component" preserve="all"/>
		<type fullname="UnityEngine.ComputeBuffer" preserve="all"/>
		<type fullname="UnityEngine.Coroutine" preserve="all"/>
		<type fullname="UnityEngine.CrashReport" preserve="all"/>
		<type fullname="UnityEngine.BoundingSphere" preserve="all"/>
		<type fullname="UnityEngine.CullingGroupEvent" preserve="all"/>
		<type fullname="UnityEngine.CullingGroup" preserve="all"/>
		<type fullname="UnityEngine.CustomYieldInstruction" preserve="all"/>
		<type fullname="UnityEngine.Debug" preserve="all"/>
		<type fullname="UnityEngine.Display" preserve="all"/>
		<type fullname="UnityEngine.ExposedPropertyResolver" preserve="all"/>
		<type fullname="UnityEngine.FlareLayer" preserve="all"/>
		<type fullname="UnityEngine.GameObject" preserve="all"/>
		<type fullname="UnityEngine.GeometryUtility" preserve="all"/>
		<type fullname="UnityEngine.GradientColorKey" preserve="all"/>
		<type fullname="UnityEngine.GradientAlphaKey" preserve="all"/>
		<type fullname="UnityEngine.Gradient" preserve="all"/>
		<type fullname="UnityEngine.SleepTimeout" preserve="all"/>
		<type fullname="UnityEngine.Screen" preserve="all"/>
		<type fullname="UnityEngine.RenderBuffer" preserve="all"/>
		<type fullname="UnityEngine.Graphics" preserve="all"/>
		<type fullname="UnityEngine.GL" preserve="all"/>
		<type fullname="UnityEngine.ScalableBufferManager" preserve="all"/>
		<type fullname="UnityEngine.FrameTiming" preserve="all"/>
		<type fullname="UnityEngine.FrameTimingManager" preserve="all"/>
		<type fullname="UnityEngine.LightmapData" preserve="all"/>
		<type fullname="UnityEngine.LightmapSettings" preserve="all"/>
		<type fullname="UnityEngine.LightProbes" preserve="all"/>
		<type fullname="UnityEngine.Resolution" preserve="all"/>
		<type fullname="UnityEngine.RenderTargetSetup" preserve="all"/>
		<type fullname="UnityEngine.QualitySettings" preserve="all"/>
		<type fullname="UnityEngine.RendererExtensions" preserve="all"/>
		<type fullname="UnityEngine.ImageEffectTransformsToLDR" preserve="all"/>
		<type fullname="UnityEngine.ImageEffectAllowedInSceneView" preserve="all"/>
		<type fullname="UnityEngine.ImageEffectOpaque" preserve="all"/>
		<type fullname="UnityEngine.ImageEffectAfterScale" preserve="all"/>
		<type fullname="UnityEngine.Mesh" preserve="all"/>
		<type fullname="UnityEngine.Renderer" preserve="all"/>
		<type fullname="UnityEngine.Projector" preserve="all"/>
		<type fullname="UnityEngine.Shader" preserve="all"/>
		<type fullname="UnityEngine.TrailRenderer" preserve="all"/>
		<type fullname="UnityEngine.LineRenderer" preserve="all"/>
		<type fullname="UnityEngine.MaterialPropertyBlock" preserve="all"/>
		<type fullname="UnityEngine.RenderSettings" preserve="all"/>
		<type fullname="UnityEngine.Material" preserve="all"/>
		<type fullname="UnityEngine.OcclusionPortal" preserve="all"/>
		<type fullname="UnityEngine.OcclusionArea" preserve="all"/>
		<type fullname="UnityEngine.Flare" preserve="all"/>
		<type fullname="UnityEngine.LensFlare" preserve="all"/>
		<type fullname="UnityEngine.LightBakingOutput" preserve="all"/>
		<type fullname="UnityEngine.Light" preserve="all"/>
		<type fullname="UnityEngine.Skybox" preserve="all"/>
		<type fullname="UnityEngine.MeshFilter" preserve="all"/>
		<type fullname="UnityEngine.LightProbeProxyVolume" preserve="all"/>
		<type fullname="UnityEngine.SkinnedMeshRenderer" preserve="all"/>
		<type fullname="UnityEngine.MeshRenderer" preserve="all"/>
		<type fullname="UnityEngine.RectOffset" preserve="all"/>
		<type fullname="UnityEngine.Hash128" preserve="all"/>
		<type fullname="UnityEngine.HashUtilities" preserve="all"/>
		<type fullname="UnityEngine.HashUnsafeUtilities" preserve="all"/>
		<type fullname="UnityEngine.Touch" preserve="all"/>
		<type fullname="UnityEngine.AccelerationEvent" preserve="all"/>
		<type fullname="UnityEngine.Gyroscope" preserve="all"/>
		<type fullname="UnityEngine.LocationInfo" preserve="all"/>
		<type fullname="UnityEngine.LocationService" preserve="all"/>
		<type fullname="UnityEngine.Compass" preserve="all"/>
		<type fullname="UnityEngine.Input" preserve="all"/>
		<type fullname="UnityEngine.LayerMask" preserve="all"/>
		<type fullname="UnityEngine.LightProbeGroup" preserve="all"/>
		<type fullname="UnityEngine.LineUtility" preserve="all"/>
		<type fullname="UnityEngine.LOD" preserve="all"/>
		<type fullname="UnityEngine.LODGroup" preserve="all"/>
		<type fullname="UnityEngine.FrustumPlanes" preserve="all"/>
		<type fullname="UnityEngine.Matrix4x4" preserve="all"/>
		<type fullname="UnityEngine.Vector3" preserve="all"/>
		<type fullname="UnityEngine.Quaternion" preserve="all"/>
		<type fullname="UnityEngine.Mathf" preserve="all"/>
		<type fullname="UnityEngine.BoneWeight" preserve="all"/>
		<type fullname="UnityEngine.CombineInstance" preserve="all"/>
		<type fullname="UnityEngine.MonoBehaviour" preserve="all"/>
		<type fullname="UnityEngine.Plane" preserve="all"/>
		<type fullname="UnityEngine.PlayerPrefsException" preserve="all"/>
		<type fullname="UnityEngine.PlayerPrefs" preserve="all"/>
		<type fullname="UnityEngine.Pose" preserve="all"/>
		<type fullname="UnityEngine.PropertyName" preserve="all"/>
		<type fullname="UnityEngine.Random" preserve="all"/>
		<type fullname="UnityEngine.Random+State" preserve="all"/>
		<type fullname="UnityEngine.RangeInt" preserve="all"/>
		<type fullname="UnityEngine.Ray" preserve="all"/>
		<type fullname="UnityEngine.Ray2D" preserve="all"/>
		<type fullname="UnityEngine.Rect" preserve="all"/>
		<type fullname="UnityEngine.RectInt" preserve="all"/>
		<type fullname="UnityEngine.ReflectionProbe" preserve="all"/>
		<type fullname="UnityEngine.ResourceRequest" preserve="all"/>
		<type fullname="UnityEngine.Resources" preserve="all"/>
		<type fullname="UnityEngine.ScriptableObject" preserve="all"/>
		<type fullname="UnityEngine.Security" preserve="all"/>
		<type fullname="UnityEngine.PreferBinarySerialization" preserve="all"/>
		<type fullname="UnityEngine.ComputeShader" preserve="all"/>
		<type fullname="UnityEngine.SortingLayer" preserve="all"/>
		<type fullname="UnityEngine.StackTraceUtility" preserve="all"/>
		<type fullname="UnityEngine.UnityException" preserve="all"/>
		<type fullname="UnityEngine.MissingComponentException" preserve="all"/>
		<type fullname="UnityEngine.UnassignedReferenceException" preserve="all"/>
		<type fullname="UnityEngine.MissingReferenceException" preserve="all"/>
		<type fullname="UnityEngine.SystemInfo" preserve="all"/>
		<type fullname="UnityEngine.TextAsset" preserve="all"/>
		<type fullname="UnityEngine.Texture" preserve="all"/>
		<type fullname="UnityEngine.Texture2D" preserve="all"/>
		<type fullname="UnityEngine.Cubemap" preserve="all"/>
		<type fullname="UnityEngine.Texture3D" preserve="all"/>
		<type fullname="UnityEngine.Texture2DArray" preserve="all"/>
		<type fullname="UnityEngine.CubemapArray" preserve="all"/>
		<type fullname="UnityEngine.SparseTexture" preserve="all"/>
		<type fullname="UnityEngine.RenderTexture" preserve="all"/>
		<type fullname="UnityEngine.CustomRenderTextureUpdateZone" preserve="all"/>
		<type fullname="UnityEngine.CustomRenderTexture" preserve="all"/>
		<type fullname="UnityEngine.RenderTextureDescriptor" preserve="all"/>
		<type fullname="UnityEngine.Time" preserve="all"/>
		<type fullname="UnityEngine.Object" preserve="all"/>
		<type fullname="UnityEngine.UnityEventQueueSystem" preserve="all"/>
		<type fullname="UnityEngine.Vector2" preserve="all"/>
		<type fullname="UnityEngine.Vector2Int" preserve="all"/>
		<type fullname="UnityEngine.Vector3Int" preserve="all"/>
		<type fullname="UnityEngine.Vector4" preserve="all"/>
		<type fullname="UnityEngine.WaitForEndOfFrame" preserve="all"/>
		<type fullname="UnityEngine.WaitForFixedUpdate" preserve="all"/>
		<type fullname="UnityEngine.WaitForSeconds" preserve="all"/>
		<type fullname="UnityEngine.WaitForSecondsRealtime" preserve="all"/>
		<type fullname="UnityEngine.WaitUntil" preserve="all"/>
		<type fullname="UnityEngine.WaitWhile" preserve="all"/>
		<type fullname="UnityEngine.YieldInstruction" preserve="all"/>
		<type fullname="UnityEngine.DynamicGI" preserve="all"/>
		<type fullname="UnityEngine.Logger" preserve="all"/>
		<type fullname="UnityEngine.StaticBatchingUtility" preserve="all"/>
		<type fullname="UnityEngine.DrivenRectTransformTracker" preserve="all"/>
		<type fullname="UnityEngine.RectTransform" preserve="all"/>
		<type fullname="UnityEngine.Transform" preserve="all"/>
		<type fullname="UnityEngine.SpriteRenderer" preserve="all"/>
		<type fullname="UnityEngine.Sprite" preserve="all"/>
		<type fullname="UnityEngine.Events.UnityEvent" preserve="all"/>
		<type fullname="UnityEngine.Events.UnityEventBase" preserve="all"/>
		<type fullname="UnityEngine.Events.UnityEventCallState" preserve="all"/>
		
	</assembly>

	<assembly fullname="UnityEngine.GridModule">
	    <type fullname="UnityEngine.Grid" preserve="all"/>
		<type fullname="UnityEngine.GridLayout" preserve="all"/>
		
	</assembly>

	<assembly fullname="UnityEngine.IMGUIModule">
	    <type fullname="UnityEngine.Event" preserve="all"/>
		
	</assembly>

	<assembly fullname="UnityEngine.ImageConversionModule">
	    <type fullname="UnityEngine.ImageConversion" preserve="all"/>
		
	</assembly>

	<assembly fullname="UnityEngine.JSONSerializeModule">
	    <type fullname="UnityEngine.JsonUtility" preserve="all"/>
		
	</assembly>

	<assembly fullname="UnityEngine.LocalizationModule">
	    <type fullname="UnityEngine.LocalizationAsset" preserve="all"/>
		
	</assembly>

	<assembly fullname="UnityEngine.ParticleSystemModule">
	    <type fullname="UnityEngine.ParticleSystem" preserve="all"/>
		<type fullname="UnityEngine.ParticleSystem+MainModule" preserve="all"/>
		<type fullname="UnityEngine.ParticleSystem+EmissionModule" preserve="all"/>
		<type fullname="UnityEngine.ParticleSystem+ShapeModule" preserve="all"/>
		<type fullname="UnityEngine.ParticleSystem+VelocityOverLifetimeModule" preserve="all"/>
		<type fullname="UnityEngine.ParticleSystem+LimitVelocityOverLifetimeModule" preserve="all"/>
		<type fullname="UnityEngine.ParticleSystem+InheritVelocityModule" preserve="all"/>
		<type fullname="UnityEngine.ParticleSystem+ForceOverLifetimeModule" preserve="all"/>
		<type fullname="UnityEngine.ParticleSystem+ColorOverLifetimeModule" preserve="all"/>
		<type fullname="UnityEngine.ParticleSystem+ColorBySpeedModule" preserve="all"/>
		<type fullname="UnityEngine.ParticleSystem+SizeOverLifetimeModule" preserve="all"/>
		<type fullname="UnityEngine.ParticleSystem+SizeBySpeedModule" preserve="all"/>
		<type fullname="UnityEngine.ParticleSystem+RotationOverLifetimeModule" preserve="all"/>
		<type fullname="UnityEngine.ParticleSystem+RotationBySpeedModule" preserve="all"/>
		<type fullname="UnityEngine.ParticleSystem+ExternalForcesModule" preserve="all"/>
		<type fullname="UnityEngine.ParticleSystem+NoiseModule" preserve="all"/>
		<type fullname="UnityEngine.ParticleSystem+CollisionModule" preserve="all"/>
		<type fullname="UnityEngine.ParticleSystem+TriggerModule" preserve="all"/>
		<type fullname="UnityEngine.ParticleSystem+SubEmittersModule" preserve="all"/>
		<type fullname="UnityEngine.ParticleSystem+TextureSheetAnimationModule" preserve="all"/>
		<type fullname="UnityEngine.ParticleSystem+LightsModule" preserve="all"/>
		<type fullname="UnityEngine.ParticleSystem+TrailModule" preserve="all"/>
		<type fullname="UnityEngine.ParticleSystem+CustomDataModule" preserve="all"/>
		<type fullname="UnityEngine.ParticleSystem+MinMaxCurve" preserve="all"/>
		<type fullname="UnityEngine.ParticleSystem+Particle" preserve="all"/>
		<type fullname="UnityEngine.ParticleSystem+Burst" preserve="all"/>
		<type fullname="UnityEngine.ParticleSystem+MinMaxGradient" preserve="all"/>
		<type fullname="UnityEngine.ParticleSystem+EmitParams" preserve="all"/>
		<type fullname="UnityEngine.ParticleSystemRenderer" preserve="all"/>
		<type fullname="UnityEngine.ParticleCollisionEvent" preserve="all"/>
		<type fullname="UnityEngine.ParticlePhysicsExtensions" preserve="all"/>
		<type fullname="UnityEngine.ParticleSystemForceField" preserve="all"/>
		
	</assembly>

	<assembly fullname="UnityEngine.PhysicsModule">
	    <type fullname="UnityEngine.WheelFrictionCurve" preserve="all"/>
		<type fullname="UnityEngine.SoftJointLimit" preserve="all"/>
		<type fullname="UnityEngine.SoftJointLimitSpring" preserve="all"/>
		<type fullname="UnityEngine.JointDrive" preserve="all"/>
		<type fullname="UnityEngine.JointMotor" preserve="all"/>
		<type fullname="UnityEngine.JointSpring" preserve="all"/>
		<type fullname="UnityEngine.JointLimits" preserve="all"/>
		<type fullname="UnityEngine.ControllerColliderHit" preserve="all"/>
		<type fullname="UnityEngine.Collision" preserve="all"/>
		<type fullname="UnityEngine.PhysicMaterial" preserve="all"/>
		<type fullname="UnityEngine.RaycastHit" preserve="all"/>
		<type fullname="UnityEngine.Rigidbody" preserve="all"/>
		<type fullname="UnityEngine.Collider" preserve="all"/>
		<type fullname="UnityEngine.CharacterController" preserve="all"/>
		<type fullname="UnityEngine.MeshCollider" preserve="all"/>
		<type fullname="UnityEngine.CapsuleCollider" preserve="all"/>
		<type fullname="UnityEngine.BoxCollider" preserve="all"/>
		<type fullname="UnityEngine.SphereCollider" preserve="all"/>
		<type fullname="UnityEngine.ConstantForce" preserve="all"/>
		<type fullname="UnityEngine.Joint" preserve="all"/>
		<type fullname="UnityEngine.HingeJoint" preserve="all"/>
		<type fullname="UnityEngine.SpringJoint" preserve="all"/>
		<type fullname="UnityEngine.FixedJoint" preserve="all"/>
		<type fullname="UnityEngine.CharacterJoint" preserve="all"/>
		<type fullname="UnityEngine.ConfigurableJoint" preserve="all"/>
		<type fullname="UnityEngine.ContactPoint" preserve="all"/>
		<type fullname="UnityEngine.PhysicsScene" preserve="all"/>
		<type fullname="UnityEngine.PhysicsSceneExtensions" preserve="all"/>
		<type fullname="UnityEngine.Physics" preserve="all"/>
		<type fullname="UnityEngine.RaycastCommand" preserve="all"/>
		<type fullname="UnityEngine.SpherecastCommand" preserve="all"/>
		<type fullname="UnityEngine.CapsulecastCommand" preserve="all"/>
		<type fullname="UnityEngine.BoxcastCommand" preserve="all"/>
		
	</assembly>

	<assembly fullname="UnityEngine.Physics2DModule">
	    <type fullname="UnityEngine.PhysicsScene2D" preserve="all"/>
		<type fullname="UnityEngine.PhysicsSceneExtensions2D" preserve="all"/>
		<type fullname="UnityEngine.Physics2D" preserve="all"/>
		<type fullname="UnityEngine.ColliderDistance2D" preserve="all"/>
		<type fullname="UnityEngine.ContactFilter2D" preserve="all"/>
		<type fullname="UnityEngine.Collision2D" preserve="all"/>
		<type fullname="UnityEngine.ContactPoint2D" preserve="all"/>
		<type fullname="UnityEngine.JointAngleLimits2D" preserve="all"/>
		<type fullname="UnityEngine.JointTranslationLimits2D" preserve="all"/>
		<type fullname="UnityEngine.JointMotor2D" preserve="all"/>
		<type fullname="UnityEngine.JointSuspension2D" preserve="all"/>
		<type fullname="UnityEngine.RaycastHit2D" preserve="all"/>
		<type fullname="UnityEngine.PhysicsJobOptions2D" preserve="all"/>
		<type fullname="UnityEngine.Rigidbody2D" preserve="all"/>
		<type fullname="UnityEngine.Collider2D" preserve="all"/>
		<type fullname="UnityEngine.CircleCollider2D" preserve="all"/>
		<type fullname="UnityEngine.CapsuleCollider2D" preserve="all"/>
		<type fullname="UnityEngine.EdgeCollider2D" preserve="all"/>
		<type fullname="UnityEngine.BoxCollider2D" preserve="all"/>
		<type fullname="UnityEngine.PolygonCollider2D" preserve="all"/>
		<type fullname="UnityEngine.CompositeCollider2D" preserve="all"/>
		<type fullname="UnityEngine.Joint2D" preserve="all"/>
		<type fullname="UnityEngine.AnchoredJoint2D" preserve="all"/>
		<type fullname="UnityEngine.SpringJoint2D" preserve="all"/>
		<type fullname="UnityEngine.DistanceJoint2D" preserve="all"/>
		<type fullname="UnityEngine.FrictionJoint2D" preserve="all"/>
		<type fullname="UnityEngine.HingeJoint2D" preserve="all"/>
		<type fullname="UnityEngine.RelativeJoint2D" preserve="all"/>
		<type fullname="UnityEngine.SliderJoint2D" preserve="all"/>
		<type fullname="UnityEngine.TargetJoint2D" preserve="all"/>
		<type fullname="UnityEngine.FixedJoint2D" preserve="all"/>
		<type fullname="UnityEngine.WheelJoint2D" preserve="all"/>
		<type fullname="UnityEngine.Effector2D" preserve="all"/>
		<type fullname="UnityEngine.AreaEffector2D" preserve="all"/>
		<type fullname="UnityEngine.BuoyancyEffector2D" preserve="all"/>
		<type fullname="UnityEngine.PointEffector2D" preserve="all"/>
		<type fullname="UnityEngine.PlatformEffector2D" preserve="all"/>
		<type fullname="UnityEngine.SurfaceEffector2D" preserve="all"/>
		<type fullname="UnityEngine.PhysicsUpdateBehaviour2D" preserve="all"/>
		<type fullname="UnityEngine.ConstantForce2D" preserve="all"/>
		<type fullname="UnityEngine.PhysicsMaterial2D" preserve="all"/>
		
	</assembly>

	<assembly fullname="UnityEngine.ScreenCaptureModule">
	    <type fullname="UnityEngine.ScreenCapture" preserve="all"/>
		
	</assembly>

	<assembly fullname="UnityEngine.SpriteMaskModule">
	    <type fullname="UnityEngine.SpriteMask" preserve="all"/>
		
	</assembly>

	<assembly fullname="UnityEngine.StreamingModule">
	    <type fullname="UnityEngine.StreamingController" preserve="all"/>
		
	</assembly>

	<assembly fullname="UnityEngine.TerrainModule">
	    <type fullname="UnityEngine.PatchExtents" preserve="all"/>
		
	</assembly>

	<assembly fullname="UnityEngine.TextRenderingModule">
	    <type fullname="UnityEngine.TextGenerationSettings" preserve="all"/>
		<type fullname="UnityEngine.TextMesh" preserve="all"/>
		<type fullname="UnityEngine.CharacterInfo" preserve="all"/>
		<type fullname="UnityEngine.UICharInfo" preserve="all"/>
		<type fullname="UnityEngine.UILineInfo" preserve="all"/>
		<type fullname="UnityEngine.UIVertex" preserve="all"/>
		<type fullname="UnityEngine.Font" preserve="all"/>
		
	</assembly>

	<assembly fullname="UnityEngine.TilemapModule">
	    <type fullname="UnityEngine.GridBrushBase" preserve="all"/>
		
	</assembly>

	<assembly fullname="UnityEngine.UIModule">
	    <type fullname="UnityEngine.Canvas" preserve="all"/>
		<type fullname="UnityEngine.UISystemProfilerApi" preserve="all"/>
		<type fullname="UnityEngine.CanvasGroup" preserve="all"/>
		<type fullname="UnityEngine.RectTransformUtility" preserve="all"/>
		
	</assembly>

	<assembly fullname="UnityEngine.UnityAnalyticsModule">
	    <type fullname="UnityEngine.RemoteSettings" preserve="all"/>
		<type fullname="UnityEngine.RemoteConfigSettings" preserve="all"/>
		
	</assembly>

	<assembly fullname="UnityEngine.UnityWebRequestModule">
	    <type fullname="UnityEngine.WWWForm" preserve="all"/>
		
	</assembly>

	<assembly fullname="UnityEngine.VehiclesModule">
	    <type fullname="UnityEngine.WheelHit" preserve="all"/>
		<type fullname="UnityEngine.WheelCollider" preserve="all"/>
		
	</assembly>

	<assembly fullname="UnityEngine.WindModule">
	    <type fullname="UnityEngine.WindZone" preserve="all"/>
		
	</assembly>

	<assembly fullname="UnityEngine.UI">
	    <type fullname="UnityEngine.UI.AnimationTriggers" preserve="all"/>
		<type fullname="UnityEngine.UI.Button" preserve="all"/>
		<type fullname="UnityEngine.UI.Button+ButtonClickedEvent" preserve="all"/>
		<type fullname="UnityEngine.UI.CanvasUpdateRegistry" preserve="all"/>
		<type fullname="UnityEngine.UI.ColorBlock" preserve="all"/>
		<type fullname="UnityEngine.UI.DefaultControls" preserve="all"/>
		<type fullname="UnityEngine.UI.DefaultControls+Resources" preserve="all"/>
		<type fullname="UnityEngine.UI.Dropdown" preserve="all"/>
		<type fullname="UnityEngine.UI.Dropdown+OptionData" preserve="all"/>
		<type fullname="UnityEngine.UI.Dropdown+OptionDataList" preserve="all"/>
		<type fullname="UnityEngine.UI.Dropdown+DropdownEvent" preserve="all"/>
		<type fullname="UnityEngine.UI.FontData" preserve="all"/>
		<type fullname="UnityEngine.UI.FontUpdateTracker" preserve="all"/>
		<type fullname="UnityEngine.UI.Graphic" preserve="all"/>
		<type fullname="UnityEngine.UI.GraphicRaycaster" preserve="all"/>
		<type fullname="UnityEngine.UI.GraphicRegistry" preserve="all"/>
		<type fullname="UnityEngine.UI.Image" preserve="all"/>
		<type fullname="UnityEngine.UI.InputField" preserve="all"/>
		<type fullname="UnityEngine.UI.InputField+SubmitEvent" preserve="all"/>
		<type fullname="UnityEngine.UI.InputField+OnChangeEvent" preserve="all"/>
		<type fullname="UnityEngine.UI.Mask" preserve="all"/>
		<type fullname="UnityEngine.UI.MaskableGraphic" preserve="all"/>
		<type fullname="UnityEngine.UI.MaskableGraphic+CullStateChangedEvent" preserve="all"/>
		<type fullname="UnityEngine.UI.MaskUtilities" preserve="all"/>
		<type fullname="UnityEngine.UI.Navigation" preserve="all"/>
		<type fullname="UnityEngine.UI.RawImage" preserve="all"/>
		<type fullname="UnityEngine.UI.RectMask2D" preserve="all"/>
		<type fullname="UnityEngine.UI.Scrollbar" preserve="all"/>
		<type fullname="UnityEngine.UI.Scrollbar+ScrollEvent" preserve="all"/>
		<type fullname="UnityEngine.UI.ScrollRect" preserve="all"/>
		<type fullname="UnityEngine.UI.ScrollRect+ScrollRectEvent" preserve="all"/>
		<type fullname="UnityEngine.UI.Selectable" preserve="all"/>
		<type fullname="UnityEngine.UI.Slider" preserve="all"/>
		<type fullname="UnityEngine.UI.Slider+SliderEvent" preserve="all"/>
		<type fullname="UnityEngine.UI.SpriteState" preserve="all"/>
		<type fullname="UnityEngine.UI.StencilMaterial" preserve="all"/>
		<type fullname="UnityEngine.UI.Text" preserve="all"/>
		<type fullname="UnityEngine.UI.Toggle" preserve="all"/>
		<type fullname="UnityEngine.UI.Toggle+ToggleEvent" preserve="all"/>
		<type fullname="UnityEngine.UI.ToggleGroup" preserve="all"/>
		<type fullname="UnityEngine.UI.ClipperRegistry" preserve="all"/>
		<type fullname="UnityEngine.UI.Clipping" preserve="all"/>
		<type fullname="UnityEngine.UI.AspectRatioFitter" preserve="all"/>
		<type fullname="UnityEngine.UI.CanvasScaler" preserve="all"/>
		<type fullname="UnityEngine.UI.ContentSizeFitter" preserve="all"/>
		<type fullname="UnityEngine.UI.GridLayoutGroup" preserve="all"/>
		<type fullname="UnityEngine.UI.HorizontalLayoutGroup" preserve="all"/>
		<type fullname="UnityEngine.UI.HorizontalOrVerticalLayoutGroup" preserve="all"/>
		<type fullname="UnityEngine.UI.LayoutElement" preserve="all"/>
		<type fullname="UnityEngine.UI.LayoutGroup" preserve="all"/>
		<type fullname="UnityEngine.UI.LayoutRebuilder" preserve="all"/>
		<type fullname="UnityEngine.UI.LayoutUtility" preserve="all"/>
		<type fullname="UnityEngine.UI.VerticalLayoutGroup" preserve="all"/>
		<type fullname="UnityEngine.UI.VertexHelper" preserve="all"/>
		<type fullname="UnityEngine.UI.BaseMeshEffect" preserve="all"/>
		<type fullname="UnityEngine.UI.Outline" preserve="all"/>
		<type fullname="UnityEngine.UI.PositionAsUV1" preserve="all"/>
		<type fullname="UnityEngine.UI.Shadow" preserve="all"/>
		
	</assembly>

	<assembly fullname="DOTween">
	    <type fullname="DG.Tweening.AutoPlay" preserve="all"/>
		<type fullname="DG.Tweening.AxisConstraint" preserve="all"/>
		<type fullname="DG.Tweening.Ease" preserve="all"/>
		<type fullname="DG.Tweening.LogBehaviour" preserve="all"/>
		<type fullname="DG.Tweening.LoopType" preserve="all"/>
		<type fullname="DG.Tweening.PathMode" preserve="all"/>
		<type fullname="DG.Tweening.PathType" preserve="all"/>
		<type fullname="DG.Tweening.RotateMode" preserve="all"/>
		<type fullname="DG.Tweening.ScrambleMode" preserve="all"/>
		<type fullname="DG.Tweening.TweenType" preserve="all"/>
		<type fullname="DG.Tweening.UpdateType" preserve="all"/>
		<type fullname="DG.Tweening.DOVirtual" preserve="all"/>
		<type fullname="DG.Tweening.EaseFactory" preserve="all"/>
		<type fullname="DG.Tweening.Tweener" preserve="all"/>
		<type fullname="DG.Tweening.Tween" preserve="all"/>
		<type fullname="DG.Tweening.Sequence" preserve="all"/>
		<type fullname="DG.Tweening.TweenParams" preserve="all"/>
		<type fullname="DG.Tweening.Core.ABSSequentiable" preserve="all"/>
		<type fullname="DG.Tweening.Core.TweenerCore`3[UnityEngine.Vector3,UnityEngine.Vector3,DG.Tweening.Plugins.Options.VectorOptions]" preserve="all"/>
		<type fullname="DG.Tweening.TweenExtensions" preserve="all"/>
		<type fullname="DG.Tweening.TweenSettingsExtensions" preserve="all"/>
		<type fullname="DG.Tweening.ShortcutExtensions" preserve="all"/>
		<type fullname="DG.Tweening.DOTween" preserve="all"/>
		
	</assembly>

</linker>